rt,80level,look,beautiful,customizable,water,master,material,unrealengine,alireza,heidari,https,t.co,lhscfmhpg6,
120mm,4.7,one,hole,ceiling,canopy,mounting,kit,7,colour,options,light,fixture,canopy,hardware,ligh,https,t.co,bdyxzxzp2f,
rt,80level,look,beautiful,customizable,water,master,material,unrealengine,alireza,heidari,https,t.co,lhscfmhpg6,
rt,npc_india_gov,composites,made,two,separate,distinct,materials,referred,constituent,materials,know,abo,
rt,5stocksinto,5,malaysian,stocks,rubber,plantations,https,t.co,zahslld3bt,malaysia,materials,stocks,investment,rubber,plant,
rt,5stocksinto,5,malaysian,stocks,steel,https,t.co,nrcusuia3a,malaysia,materials,stocks,steel,stainless,galvanized,refinery,
rt,5stocksinto,5,vietnamese,stocks,copper,https,t.co,njlt8tumxq,vietnam,materials,stocks,investing,copper,mining,commoditie,
rt,80level,look,beautiful,customizable,water,master,material,unrealengine,alireza,heidari,https,t.co,lhscfmhpg6,
rt,80level,look,beautiful,customizable,water,master,material,unrealengine,alireza,heidari,https,t.co,lhscfmhpg6,
rt,80level,look,beautiful,customizable,water,master,material,unrealengine,alireza,heidari,https,t.co,lhscfmhpg6,
rt,80level,look,beautiful,customizable,water,master,material,unrealengine,alireza,heidari,https,t.co,lhscfmhpg6,
rt,80level,look,beautiful,customizable,water,master,material,unrealengine,alireza,heidari,https,t.co,lhscfmhpg6,
rt,naturallycg,substance,designer,beginner,quick,tip,23,lightning,effects,gif's,effect,answer,post,substancede,
rt,80level,look,beautiful,customizable,water,master,material,unrealengine,alireza,heidari,https,t.co,lhscfmhpg6,
rt,5stocksinto,5,chinese,stocks,permanent,magnets,https,t.co,pbzmxbjaot,china,technology,stocks,magnetic,materials,magnets,
