rt,malekardr,treatment,involves,testing,different,methods,improve,delivery,mrna,cancer,cells,methods,based,eithe,
rt,nanowerk,2d,semiconductors,found,close,ideal,fractional,quantum,hall,platform,https,t.co,axhwqbdwpz,nanotechnology,https,
rt,fortivus,fast,charging,high,capacity,nanomesh,based,cathodes,li,ion,batteries,nanotechnology,via,https,t.co,v7ffw08zbr,http,
rt,nanosysinc,hiring,nanosys,open,positions,r,amp,d,manufacturing,including,senior,chemical,engineer,chemical,manufacturin,
destroy,virus,40,coronavirusoutbreak,covid19,covid,ãƒ¼,19,biology,gamersunite,indiedev,https,t.co,fnemixq7sp,
rt,bepharmab2b,register,https,t.co,1p2vmvlo4a,bepharma,mexico,pharma,b2bevents,bepharma2020,health,healthcare,bu,
carbon,nanotube,concrete,additive,company,eden,innovations,llc,made,first,significant,sale,edencrete,https,t.co,jgjjjfclk0,
ion,diffusion,dna,stretching,open,nanofluidic,system,https,t.co,x9q80rhvhe,nanotechnology,engineering,https,t.co,l3prtfkjtt,
rt,urylle,people,immediately,jump,away,beam,go,wherever,system,operator,pushes,5gkillgrid,gwentowers,militar,
https,t.co,suvbtlvrwj,good,explanation,nanotechnology,microsensors,nanobots,frequencies,wwg1wga,qanons,collectivehq,feb2_19,
rt,urylle,people,immediately,jump,away,beam,go,wherever,system,operator,pushes,5gkillgrid,gwentowers,militar,
rt,park_systems,free,park,systems,webinar,smartlitho,creating,nanometer,sized,structures,ease,july,10,2020,webinar,b,
free,park,systems,webinar,smartlitho,creating,nanometer,sized,structures,ease,july,10,2020,webinar,https,t.co,ycrha8vnzl,
rt,nanotechnyc,join,us,thursday,evening,6,30pm,informal,virtual,meet,greet,fellow,nanotechnology,nanoscien,
rt,nanosysinc,hiring,nanosys,open,positions,r,amp,d,manufacturing,including,senior,chemical,engineer,chemical,manufacturin,
